STT,Tên,Họ,Tên đệm,Họ và tên,Năm,Email,SĐT,Giới tính,Trường,Quốc gia
1,Nguyễn,Văn,A,Nguyễn Văn A,1990,nguyenvana@example.com,0123456789,Nam,Đại học Bách Khoa,Hà Nội
2,Trần,Thị,B,Trần Thị B,1991,tranb@example.com,0123456790,Nữ,Đại học Kinh Tế,Hà Nội
3,Lê,Văn,C,Lê Văn C,1992,levanc@example.com,0123456781,Nam,Đại học Sư Phạm,Hà Nội
4,Phạm,Thị,D,Phạm Thị D,1993,phamthid@example.com,0123456782,Nữ,Đại học Y Hà Nội,Hà Nội
5,Hoàng,Văn,E,Hoàng Văn E,1994,hoangvane@example.com,0123456783,Nam,Đại học Xây Dựng,Hà Nội
6,Ngô,Thị,F,Ngô Thị F,1995,ngothif@example.com,0123456784,Nữ,Đại học Luật,Hà Nội
7,Đặng,Văn,G,Đặng Văn G,1996,dangvang@example.com,0123456785,Nam,Đại học Ngoại Ngữ,Hà Nội
8,Bùi,Thị,H,Bùi Thị H,1997,buithih@example.com,0123456786,Nữ,Đại học Thương Mại,Hà Nội
9,Đỗ,Văn,I,Đỗ Văn I,1998,dovan@example.com,0123456787,Nam,Đại học Công Nghệ,Hà Nội
10,Lý,Thị,J,Lý Thị J,1999,lythij@example.com,0123456788,Nữ,Đại học Khoa Học Tự Nhiên,Hà Nội
11,Nguyễn,Văn,K,Nguyễn Văn K,2000,nguyenvank@example.com,0123456789,Nam,Đại học Bách Khoa,Hà Nội
12,Trần,Thị,L,Trần Thị L,2001,tranl@example.com,0123456790,Nữ,Đại học Kinh Tế,Hà Nội
13,Lê,Văn,M,Lê Văn M,2002,levanm@example.com,0123456781,Nam,Đại học Sư Phạm,Hà Nội
14,Phạm,Thị,N,Phạm Thị N,2003,phamthi@example.com,0123456782,Nữ,Đại học Y Hà Nội,Hà Nội
15,Hoàng,Văn,O,Hoàng Văn O,2004,hoangvano@example.com,0123456783,Nam,Đại học Xây Dựng,Hà Nội
16,Ngô,Thị,P,Ngô Thị P,2005,ngothip@example.com,0123456784,Nữ,Đại học Luật,Hà Nội
17,Đặng,Văn,Q,Đặng Văn Q,2006,dangvanq@example.com,0123456785,Nam,Đại học Ngoại Ngữ,Hà Nội
18,Bùi,Thị,R,Bùi Thị R,2007,buithir@example.com,0123456786,Nữ,Đại học Thương Mại,Hà Nội
19,Đỗ,Văn,S,Đỗ Văn S,2008,dovans@example.com,0123456787,Nam,Đại học Công Nghệ,Hà Nội
20,Lý,Thị,T,Lý Thị T,2009,lythit@example.com,0123456788,Nữ,Đại học Khoa Học Tự Nhiên,Hà Nội
